{"type": "stretch", "x": [0.003172065317630768, 0.7636460721492767], "y": [0.05, 0.95]}